family,predicted_score
facenet,3.599844217300415
arcface,2.7132065296173096
cosface,3.6407711505889893
adaface,3.493246078491211
fairface,4.071378707885742
geometric,3.686830997467041
clip,3.558154582977295
dinov2,3.8773036003112793
blendshapes,3.079782485961914
lbph,3.6138367652893066
fisherface,2.927476129950154
